1,Dorothy,Watkins,dwatkins0@google.es,Female,115.215.46.217
2,David,Ryan,dryan1@ovh.net,Male,74.67.21.101
3,Jean,Bailey,jbailey2@dropbox.com,Female,137.48.170.123
4,Sarah,Ford,sford3@paypal.com,Female,223.245.215.26
5,Howard,Griffin,hgriffin4@parallels.com,Male,28.179.73.25
6,Carolyn,Brooks,cbrooks5@economist.com,Female,186.116.9.25
7,Karen,Walker,kwalker6@auda.org.au,Female,75.174.240.36
8,Maria,Jacobs,mjacobs7@edublogs.org,Female,234.227.134.22
9,Shawn,Shaw,sshaw8@spotify.com,Male,140.85.182.132
10,Barbara,Simmons,bsimmons9@icq.com,Female,76.184.185.242
11,Jean,Chapman,jchapmana@thetimes.co.uk,Female,184.200.21.166
12,Tina,Gomez,tgomezb@multiply.com,Female,189.252.195.151
13,Judith,Young,jyoungc@woothemes.com,Female,186.241.252.36
14,Juan,Dixon,jdixond@angelfire.com,Male,91.91.35.3
15,Jason,Ward,jwarde@cdc.gov,Male,80.25.48.232
16,Bobby,Adams,badamsf@printfriendly.com,Male,185.221.252.98
17,Phillip,Arnold,parnoldg@github.com,Male,74.51.204.239
18,Teresa,Ruiz,truizh@forbes.com,Female,63.203.44.168
19,Helen,Mills,hmillsi@php.net,Female,155.24.178.207
20,Teresa,Hernandez,thernandezj@about.com,Female,175.113.79.100
21,Christine,Murphy,cmurphyk@soundcloud.com,Female,80.49.158.15
22,George,Gonzalez,ggonzalezl@bbb.org,Male,225.70.86.118
23,Carlos,Coleman,ccolemanm@google.com.br,Male,8.194.7.240
24,Amy,Miller,amillern@tinypic.com,Female,113.221.204.16
25,Ronald,Bradley,rbradleyo@google.com.au,Male,88.157.193.115
26,Patrick,Olson,polsonp@tamu.edu,Male,9.254.185.150
27,Jason,Ortiz,jortizq@timesonline.co.uk,Male,246.67.176.237
28,Cynthia,Young,cyoungr@wikipedia.org,Female,224.93.50.51
29,Christine,Banks,cbankss@jimdo.com,Female,17.34.194.200
30,Robin,Ford,rfordt@phoca.cz,Female,236.31.9.78
31,Elizabeth,Romero,eromerou@bluehost.com,Female,205.155.155.200
32,Heather,Holmes,hholmesv@nytimes.com,Female,253.161.204.252
33,Michelle,Johnston,mjohnstonw@google.co.jp,Female,29.238.247.233
34,Jonathan,Cox,jcoxx@telegraph.co.uk,Male,113.209.212.250
35,Andrew,Watkins,awatkinsy@bloglovin.com,Male,117.95.112.122
36,Amy,Ellis,aellisz@seattletimes.com,Female,39.106.138.120
37,Christopher,Jones,cjones10@friendfeed.com,Male,119.232.175.48
38,Louise,Brooks,lbrooks11@apache.org,Female,132.246.172.245
39,Sandra,Watkins,swatkins12@barnesandnoble.com,Female,231.170.42.124
40,Deborah,Day,dday13@networksolutions.com,Female,16.69.206.74
41,Mark,Ward,mward14@pbs.org,Male,176.170.38.109
42,Louise,Gomez,lgomez15@shutterfly.com,Female,11.182.197.92
43,Robin,Burns,rburns16@alibaba.com,Female,100.20.133.22
44,Ronald,Jordan,rjordan17@biglobe.ne.jp,Male,116.85.6.209
45,Pamela,Richardson,prichardson18@google.com,Female,115.82.175.61
46,Jose,Cook,jcook19@mashable.com,Male,162.110.197.214
47,James,Campbell,jcampbell1a@reverbnation.com,Male,135.143.117.123
48,Arthur,Wilson,awilson1b@networkadvertising.org,Male,236.143.146.102
49,Kathleen,Vasquez,kvasquez1c@diigo.com,Female,35.119.142.164
50,Lawrence,Peterson,lpeterson1d@buzzfeed.com,Male,45.164.136.128
51,Frank,Lee,flee1e@nydailynews.com,Male,155.161.131.205
52,Mark,Mills,mmills1f@goodreads.com,Male,173.15.34.101
53,Richard,Evans,revans1g@list-manage.com,Male,84.9.225.166
54,John,Hansen,jhansen1h@opera.com,Male,29.124.55.49
55,Jane,Ford,jford1i@wisc.edu,Female,147.36.227.87
56,Thomas,Graham,tgraham1j@omniture.com,Male,137.208.175.170
57,Wanda,Alexander,walexander1k@mediafire.com,Female,38.241.140.32
58,Richard,Miller,rmiller1l@wikimedia.org,Male,227.195.241.9
59,Andrew,Hart,ahart1m@stanford.edu,Male,142.140.5.18
60,Kathryn,Medina,kmedina1n@constantcontact.com,Female,133.95.247.247
61,Bobby,Sanchez,bsanchez1o@springer.com,Male,96.117.0.86
62,Steve,James,sjames1p@java.com,Male,201.207.249.64
63,Alice,Dixon,adixon1q@cnn.com,Female,16.223.169.228
64,Benjamin,Schmidt,bschmidt1r@economist.com,Male,242.86.181.23
65,William,Fields,wfields1s@hubpages.com,Male,204.51.62.223
66,David,Stone,dstone1t@taobao.com,Male,246.136.176.93
67,Eugene,Graham,egraham1u@google.com,Male,250.100.144.191
68,Jerry,Spencer,jspencer1v@google.com.br,Male,181.123.47.82
69,Brian,Stevens,bstevens1w@opensource.org,Male,195.42.138.207
70,Justin,Williams,jwilliams1x@cpanel.net,Male,193.27.31.242
71,Jose,Fisher,jfisher1y@deviantart.com,Male,114.74.94.45
72,Barbara,Green,bgreen1z@de.vu,Female,59.214.210.106
73,Justin,Wilson,jwilson20@pbs.org,Male,189.151.2.134
74,Norma,Cook,ncook21@domainmarket.com,Female,8.113.237.11
75,Carolyn,Dean,cdean22@ucoz.com,Female,233.29.93.151
76,Russell,Lee,rlee23@wikia.com,Male,79.116.36.67
77,Roy,Rose,rrose24@yelp.com,Male,142.155.166.202
78,Lisa,Wells,lwells25@slideshare.net,Female,138.161.22.125
79,Richard,Armstrong,rarmstrong26@fotki.com,Male,178.69.147.2
80,Thomas,Harrison,tharrison27@ameblo.jp,Male,17.9.151.1
81,Louis,Bell,lbell28@uol.com.br,Male,93.128.176.222
82,Julie,Harvey,jharvey29@state.gov,Female,60.215.115.161
83,Thomas,Spencer,tspencer2a@shop-pro.jp,Male,190.121.94.207
84,Karen,Edwards,kedwards2b@stumbleupon.com,Female,215.234.10.147
85,Patricia,Wallace,pwallace2c@multiply.com,Female,100.200.247.89
86,Sandra,Little,slittle2d@blogs.com,Female,221.191.136.117
87,Nicole,Hansen,nhansen2e@soup.io,Female,203.191.223.53
88,Raymond,Elliott,relliott2f@paypal.com,Male,31.227.180.77
89,Sharon,Wright,swright2g@fc2.com,Female,209.223.98.93
90,Larry,Johnson,ljohnson2h@yelp.com,Male,65.26.124.35
91,Ernest,Cruz,ecruz2i@google.cn,Male,246.3.46.142
92,Christine,Price,cprice2j@squidoo.com,Female,192.68.209.3
93,Gregory,Rice,grice2k@storify.com,Male,182.18.213.92
94,Anna,Armstrong,aarmstrong2l@multiply.com,Female,255.8.217.132
95,Angela,Riley,ariley2m@mapquest.com,Female,122.38.172.182
96,Adam,Edwards,aedwards2n@mlb.com,Male,243.175.251.122
97,Joe,Robinson,jrobinson2o@whitehouse.gov,Male,67.14.240.84
98,Katherine,Lynch,klynch2p@deviantart.com,Female,192.204.145.240
99,Donna,Meyer,dmeyer2q@adobe.com,Female,226.134.210.97
100,Joan,Morales,jmorales2r@github.com,Female,222.106.88.252
101,Clarence,Howell,chowell2s@microsoft.com,Male,250.71.98.252
102,Shawn,Webb,swebb2t@macromedia.com,Male,25.77.49.121
103,Maria,Cole,mcole2u@plala.or.jp,Female,97.144.215.198
104,Jessica,Mills,jmills2v@google.com.au,Female,107.111.98.153
105,Helen,Bradley,hbradley2w@google.nl,Female,224.191.134.207
106,Roy,Matthews,rmatthews2x@irs.gov,Male,189.89.202.12
107,Henry,Black,hblack2y@themeforest.net,Male,69.45.208.43
108,Bobby,Chavez,bchavez2z@go.com,Male,227.61.21.158
109,Denise,Elliott,delliott30@cafepress.com,Female,23.147.58.93
110,Jacqueline,Williams,jwilliams31@sphinn.com,Female,108.43.58.69
111,Jean,Harris,jharris32@stumbleupon.com,Female,73.155.14.226
112,Stephen,Allen,sallen33@bloglines.com,Male,57.92.142.116
113,Ronald,Peterson,rpeterson34@smugmug.com,Male,196.218.226.83
114,Martin,Martin,mmartin35@livejournal.com,Male,190.38.97.203
115,Patrick,Campbell,pcampbell36@apple.com,Male,59.73.145.240
116,Sandra,Ellis,sellis37@technorati.com,Female,125.225.169.143
117,Lori,Adams,ladams38@facebook.com,Female,123.185.134.123
118,Tammy,Ferguson,tferguson39@virginia.edu,Female,201.252.5.239
119,Juan,Evans,jevans3a@berkeley.edu,Male,234.228.130.89
120,Walter,Harrison,wharrison3b@usnews.com,Male,67.119.169.52
121,Sean,Barnes,sbarnes3c@bluehost.com,Male,156.225.81.234
122,Charles,Thomas,cthomas3d@yolasite.com,Male,215.212.227.25
123,Lois,Wood,lwood3e@godaddy.com,Female,76.92.248.88
124,Virginia,Ray,vray3f@umich.edu,Female,237.52.78.137
125,Norma,Murray,nmurray3g@vimeo.com,Female,158.215.123.75
126,Peter,Cunningham,pcunningham3h@phoca.cz,Male,76.203.237.60
127,Nicholas,Diaz,ndiaz3i@alexa.com,Male,9.26.114.146
128,Jeffrey,Day,jday3j@usa.gov,Male,131.176.141.56
129,Theresa,Harvey,tharvey3k@google.com,Female,95.203.113.228
130,Donna,Wallace,dwallace3l@craigslist.org,Female,82.78.123.203
131,Diana,Henderson,dhenderson3m@barnesandnoble.com,Female,102.97.71.105
132,Jerry,Burton,jburton3n@soundcloud.com,Male,72.115.142.190
133,Raymond,Harvey,rharvey3o@archive.org,Male,249.252.20.94
134,Deborah,Gardner,dgardner3p@jalbum.net,Female,198.211.108.188
135,Dennis,King,dking3q@e-recht24.de,Male,153.120.51.129
136,Kelly,Watkins,kwatkins3r@oracle.com,Female,250.220.43.144
137,Marie,Wilson,mwilson3s@china.com.cn,Female,198.35.23.54
138,Sarah,Marshall,smarshall3t@friendfeed.com,Female,53.223.45.206
139,Carol,Stephens,cstephens3u@ucsd.edu,Female,19.113.98.105
140,Janice,Perkins,jperkins3v@blogs.com,Female,104.158.83.230
141,Phillip,Hayes,phayes3w@addtoany.com,Male,236.194.193.2
142,Robert,Ray,rray3x@google.fr,Male,76.164.239.135
143,Edward,Dixon,edixon3y@webs.com,Male,7.0.70.133
144,Rose,Lewis,rlewis3z@twitter.com,Female,94.195.209.30
145,Joseph,Berry,jberry40@weibo.com,Male,70.123.188.17
146,Carol,Sims,csims41@phpbb.com,Female,193.70.139.55
147,Betty,Chavez,bchavez42@delicious.com,Female,12.228.72.201
148,Judith,Jones,jjones43@nifty.com,Female,28.69.141.191
149,Mark,Chapman,mchapman44@oracle.com,Male,65.59.145.86
150,Kenneth,Moreno,kmoreno45@sina.com.cn,Male,54.66.244.235
151,Anthony,Duncan,aduncan46@barnesandnoble.com,Male,24.167.206.119
152,Cheryl,Willis,cwillis47@canalblog.com,Female,212.132.50.241
153,Maria,Richards,mrichards48@google.es,Female,180.179.213.141
154,Joseph,Robertson,jrobertson49@ocn.ne.jp,Male,250.190.157.142
155,Terry,Porter,tporter4a@quantcast.com,Male,25.219.23.185
156,Stephen,Carter,scarter4b@barnesandnoble.com,Male,75.92.185.198
157,Pamela,Welch,pwelch4c@scientificamerican.com,Female,240.100.254.28
158,Dorothy,Brown,dbrown4d@ted.com,Female,183.74.156.161
159,Clarence,Scott,cscott4e@wsj.com,Male,175.192.214.154
160,Jose,Thompson,jthompson4f@amazon.com,Male,197.87.151.33
161,Kelly,Murray,kmurray4g@friendfeed.com,Female,228.66.134.132
162,Beverly,Freeman,bfreeman4h@ebay.com,Female,193.248.15.19
163,Larry,Morales,lmorales4i@gizmodo.com,Male,31.181.109.11
164,Jerry,Kelly,jkelly4j@msu.edu,Male,196.41.146.111
165,Justin,Lewis,jlewis4k@nsw.gov.au,Male,0.224.7.203
166,Anne,Nelson,anelson4l@yelp.com,Female,161.79.65.224
167,Gerald,Perry,gperry4m@lulu.com,Male,142.110.44.17
168,Eric,Phillips,ephillips4n@state.tx.us,Male,23.75.16.209
169,Gregory,Gomez,ggomez4o@google.co.uk,Male,44.194.6.90
170,John,Jacobs,jjacobs4p@blogs.com,Male,119.7.128.177
171,Keith,Roberts,kroberts4q@etsy.com,Male,61.234.58.23
172,Peter,Grant,pgrant4r@cbc.ca,Male,235.189.102.63
173,Kelly,Morgan,kmorgan4s@google.co.jp,Female,21.89.1.253
174,Kimberly,Gordon,kgordon4t@prweb.com,Female,142.184.123.184
175,Juan,Lee,jlee4u@engadget.com,Male,32.104.0.42
176,Jesse,Lawrence,jlawrence4v@baidu.com,Male,223.79.141.47
177,Andrea,Reynolds,areynolds4w@seesaa.net,Female,166.241.102.187
178,Mary,Nguyen,mnguyen4x@acquirethisname.com,Female,229.242.161.245
179,Jason,Bell,jbell4y@myspace.com,Male,170.202.68.19
180,Todd,Fields,tfields4z@nbcnews.com,Male,228.133.135.136
181,Jennifer,Bishop,jbishop50@pagesperso-orange.fr,Female,199.56.86.250
182,Terry,Riley,triley51@hud.gov,Male,231.115.24.206
183,Paula,Fernandez,pfernandez52@seattletimes.com,Female,37.149.118.103
184,Julie,Black,jblack53@nhs.uk,Female,131.114.77.66
185,Janet,Elliott,jelliott54@go.com,Female,145.157.105.86
186,Donald,Williamson,dwilliamson55@free.fr,Male,92.214.129.182
187,Beverly,Gordon,bgordon56@shareasale.com,Female,181.190.85.40
188,Ruth,Marshall,rmarshall57@rakuten.co.jp,Female,117.128.85.145
189,Kathy,Willis,kwillis58@clickbank.net,Female,13.104.193.79
190,John,Campbell,jcampbell59@histats.com,Male,231.175.177.35
191,Teresa,Young,tyoung5a@bing.com,Female,167.127.135.110
192,Brian,Nichols,bnichols5b@wp.com,Male,137.0.143.81
193,Donald,Russell,drussell5c@godaddy.com,Male,193.65.116.98
194,Elizabeth,Franklin,efranklin5d@sitemeter.com,Female,237.155.151.161
195,Heather,Miller,hmiller5e@cisco.com,Female,115.82.10.246
196,Gregory,Weaver,gweaver5f@vimeo.com,Male,129.194.225.201
197,Kelly,Grant,kgrant5g@psu.edu,Female,64.251.165.74
198,Alice,Bryant,abryant5h@rambler.ru,Female,8.202.46.109
199,George,Ross,gross5i@4shared.com,Male,187.227.132.0
200,Mary,Jenkins,mjenkins5j@smh.com.au,Female,128.202.2.246
201,Craig,Stone,cstone5k@biglobe.ne.jp,Male,207.88.160.204
202,Lori,Austin,laustin5l@jiathis.com,Female,206.212.205.144
203,Joan,Stewart,jstewart5m@mayoclinic.com,Female,17.201.226.249
204,Patrick,Cunningham,pcunningham5n@multiply.com,Male,243.64.25.239
205,Ruby,Carpenter,rcarpenter5o@cafepress.com,Female,128.236.250.190
206,Nicole,Johnson,njohnson5p@gov.uk,Female,234.38.251.159
207,Bobby,Kim,bkim5q@elegantthemes.com,Male,175.21.177.114
208,Keith,Harper,kharper5r@wikispaces.com,Male,26.16.59.64
209,Karen,Marshall,kmarshall5s@over-blog.com,Female,14.48.193.254
210,Matthew,Spencer,mspencer5t@earthlink.net,Male,236.193.53.198
211,Joe,Moreno,jmoreno5u@php.net,Male,130.15.251.214
212,Jeremy,Morales,jmorales5v@google.ru,Male,179.156.30.224
213,Anna,Robertson,arobertson5w@naver.com,Female,48.220.140.97
214,Richard,Shaw,rshaw5x@shop-pro.jp,Male,130.241.147.178
215,Marilyn,Jones,mjones5y@webmd.com,Female,196.41.179.191
216,David,Ramos,dramos5z@lulu.com,Male,190.42.65.109
217,Gerald,Black,gblack60@a8.net,Male,117.183.155.10
218,Kevin,Stanley,kstanley61@jiathis.com,Male,44.156.15.14
219,Carl,Cooper,ccooper62@webeden.co.uk,Male,46.35.113.60
220,Jason,Cunningham,jcunningham63@aboutads.info,Male,12.55.234.156
221,Anne,Reynolds,areynolds64@istockphoto.com,Female,17.18.152.130
222,Sharon,Clark,sclark65@census.gov,Female,88.76.47.25
223,Joe,Brown,jbrown66@i2i.jp,Male,10.32.63.169
224,Diane,Gordon,dgordon67@linkedin.com,Female,157.110.217.14
225,Eric,Torres,etorres68@virginia.edu,Male,48.209.95.216
226,Ronald,Griffin,rgriffin69@webs.com,Male,98.143.147.230
227,Joan,Snyder,jsnyder6a@mac.com,Female,138.174.162.242
228,Samuel,Burns,sburns6b@google.es,Male,52.9.96.71
229,Deborah,Ruiz,druiz6c@bbc.co.uk,Female,65.143.214.126
230,Aaron,Harvey,aharvey6d@a8.net,Male,98.202.236.165
231,Joe,Perkins,jperkins6e@dell.com,Male,64.37.22.96
232,Kathryn,Meyer,kmeyer6f@ed.gov,Female,73.161.199.186
233,Ashley,Hernandez,ahernandez6g@ovh.net,Female,106.132.221.148
234,Victor,Ramos,vramos6h@vinaora.com,Male,141.184.160.51
235,Anthony,Castillo,acastillo6i@behance.net,Male,47.93.244.212
236,Diane,Ellis,dellis6j@cnbc.com,Female,45.166.76.212
237,Kevin,Diaz,kdiaz6k@go.com,Male,182.168.193.53
238,Ryan,Jenkins,rjenkins6l@umn.edu,Male,252.192.192.185
239,Ashley,Bennett,abennett6m@uol.com.br,Female,55.224.86.239
240,Nicholas,Miller,nmiller6n@sina.com.cn,Male,68.225.135.254
241,Brenda,Spencer,bspencer6o@privacy.gov.au,Female,180.66.103.166
242,Sharon,Barnes,sbarnes6p@rediff.com,Female,172.190.28.184
243,Diana,Jones,djones6q@disqus.com,Female,103.32.222.246
244,Paul,Sanders,psanders6r@discovery.com,Male,94.227.156.148
245,Bobby,Wilson,bwilson6s@phoca.cz,Male,87.251.214.62
246,Stephen,Moore,smoore6t@odnoklassniki.ru,Male,233.51.221.42
247,Joseph,Carpenter,jcarpenter6u@gnu.org,Male,68.163.207.23
248,Jose,Burke,jburke6v@histats.com,Male,106.82.219.204
249,Eugene,Morris,emorris6w@irs.gov,Male,142.61.109.229
250,Jeffrey,Warren,jwarren6x@indiatimes.com,Male,112.5.80.48
251,Frances,Hansen,fhansen6y@ebay.com,Female,74.197.12.255
252,Paul,Elliott,pelliott6z@discovery.com,Male,103.148.157.27
253,Jeffrey,Morris,jmorris70@privacy.gov.au,Male,98.182.95.5
254,Rebecca,Cox,rcox71@yelp.com,Female,104.72.195.122
255,Jennifer,Carroll,jcarroll72@bloomberg.com,Female,235.177.92.225
256,Joan,Gibson,jgibson73@examiner.com,Female,92.191.124.251
257,Thomas,Wilson,twilson74@sphinn.com,Male,71.73.208.173
258,Peter,Campbell,pcampbell75@webnode.com,Male,222.49.30.255
259,Aaron,Hicks,ahicks76@google.nl,Male,43.195.23.167
260,Frank,Hunter,fhunter77@microsoft.com,Male,225.131.194.65
261,Patrick,Howell,phowell78@tmall.com,Male,40.182.153.149
262,Martin,Johnson,mjohnson79@godaddy.com,Male,181.3.105.40
263,Wayne,Russell,wrussell7a@buzzfeed.com,Male,164.150.11.122
264,Paul,Hansen,phansen7b@loc.gov,Male,105.47.102.253
265,Kathryn,Snyder,ksnyder7c@51.la,Female,213.217.80.213
266,Nicholas,Lynch,nlynch7d@bravesites.com,Male,33.242.248.101
267,Anne,Chavez,achavez7e@engadget.com,Female,155.36.224.226
268,Steven,Gibson,sgibson7f@mediafire.com,Male,101.104.32.212
269,Terry,Howell,thowell7g@gov.uk,Male,116.144.116.82
270,Joyce,Young,jyoung7h@indiatimes.com,Female,90.99.61.79
271,Rachel,Wagner,rwagner7i@globo.com,Female,191.14.207.9
272,Carlos,Ray,cray7j@tinypic.com,Male,223.209.131.161
273,Bonnie,Adams,badams7k@ibm.com,Female,47.124.41.207
274,Christine,Taylor,ctaylor7l@digg.com,Female,116.46.94.68
275,Barbara,Greene,bgreene7m@irs.gov,Female,178.244.38.74
276,Harold,Kelley,hkelley7n@is.gd,Male,171.151.48.109
277,James,Black,jblack7o@mediafire.com,Male,1.218.155.186
278,Susan,Fields,sfields7p@huffingtonpost.com,Female,39.7.186.120
279,Lois,Lewis,llewis7q@wordpress.org,Female,206.102.246.225
280,Phillip,Fisher,pfisher7r@vistaprint.com,Male,60.174.188.62
281,Alice,Lane,alane7s@discovery.com,Female,146.221.9.26
282,Michael,Cooper,mcooper7t@slashdot.org,Male,71.199.20.191
283,Gerald,Daniels,gdaniels7u@jiathis.com,Male,219.1.84.205
284,Joshua,Morgan,jmorgan7v@freewebs.com,Male,6.120.119.74
285,Tina,Grant,tgrant7w@imageshack.us,Female,25.162.139.2
286,William,Gibson,wgibson7x@devhub.com,Male,212.175.239.229
287,Deborah,Fields,dfields7y@gravatar.com,Female,69.76.177.42
288,Heather,Turner,hturner7z@symantec.com,Female,228.203.237.33
289,Justin,Watson,jwatson80@nytimes.com,Male,28.216.105.1
290,Christina,Montgomery,cmontgomery81@livejournal.com,Female,35.250.101.2
291,Arthur,Kennedy,akennedy82@youtu.be,Male,254.173.181.42
292,Shirley,Fox,sfox83@jugem.jp,Female,41.12.82.197
293,Brian,Thomas,bthomas84@state.gov,Male,213.158.28.201
294,Denise,Martinez,dmartinez85@creativecommons.org,Female,31.19.10.248
295,Keith,Henry,khenry86@xrea.com,Male,207.184.219.218
296,Tammy,Berry,tberry87@pen.io,Female,212.10.188.142
297,Andrew,Henry,ahenry88@typepad.com,Male,130.91.107.207
298,Tina,Porter,tporter89@columbia.edu,Female,14.138.117.252
299,Ryan,Harris,rharris8a@php.net,Male,29.185.18.249
300,Evelyn,Armstrong,earmstrong8b@google.com.au,Female,66.172.180.183
301,Craig,Ruiz,cruiz8c@shop-pro.jp,Male,246.104.215.152
302,Scott,Morrison,smorrison8d@nyu.edu,Male,223.118.168.106
303,Chris,Ortiz,cortiz8e@about.com,Male,65.54.152.94
304,Diana,Torres,dtorres8f@flickr.com,Female,95.140.174.84
305,Julie,Andrews,jandrews8g@cdbaby.com,Female,187.196.39.221
306,Robert,Kelley,rkelley8h@opensource.org,Male,134.14.156.124
307,Ashley,Henderson,ahenderson8i@amazon.co.jp,Female,35.39.111.197
308,Douglas,Harrison,dharrison8j@foxnews.com,Male,7.192.183.160
309,George,Wright,gwright8k@archive.org,Male,145.173.224.205
310,Frank,Long,flong8l@state.tx.us,Male,124.202.91.205
311,Elizabeth,Fields,efields8m@soup.io,Female,28.108.39.43
312,Diana,Fowler,dfowler8n@mac.com,Female,73.26.168.198
313,Gregory,Fowler,gfowler8o@soup.io,Male,179.121.195.160
314,Irene,Riley,iriley8p@quantcast.com,Female,196.88.75.47
315,Anna,Wagner,awagner8q@imgur.com,Female,162.201.55.244
316,Richard,Gonzales,rgonzales8r@networkadvertising.org,Male,232.153.247.218
317,Emily,Campbell,ecampbell8s@artisteer.com,Female,26.89.20.205
318,Ruby,Simmons,rsimmons8t@hugedomains.com,Female,136.209.50.173
319,Betty,Ferguson,bferguson8u@ifeng.com,Female,224.137.63.98
320,Paula,Vasquez,pvasquez8v@hostgator.com,Female,89.176.116.156
321,Elizabeth,Berry,eberry8w@deliciousdays.com,Female,34.125.148.106
322,Diane,Burns,dburns8x@amazon.de,Female,89.86.197.210
323,Nicole,Baker,nbaker8y@diigo.com,Female,174.141.206.68
324,Scott,Taylor,staylor8z@jalbum.net,Male,233.161.27.172
325,Sean,Hart,shart90@meetup.com,Male,225.181.153.158
326,Amy,West,awest91@mapquest.com,Female,220.194.42.218
327,Victor,Peters,vpeters92@ameblo.jp,Male,127.199.159.192
328,Michelle,Palmer,mpalmer93@photobucket.com,Female,225.38.18.154
329,Annie,Fisher,afisher94@dropbox.com,Female,104.102.59.55
330,Antonio,Gardner,agardner95@is.gd,Male,128.104.121.32
331,Steve,Harrison,sharrison96@businessinsider.com,Male,216.239.146.63
332,Randy,Nguyen,rnguyen97@mail.ru,Male,237.249.217.113
333,Daniel,Richardson,drichardson98@lulu.com,Male,234.96.211.176
334,Jeffrey,Bradley,jbradley99@theatlantic.com,Male,77.220.140.166
335,Heather,Griffin,hgriffin9a@godaddy.com,Female,93.30.193.164
336,Eric,Hunter,ehunter9b@sourceforge.net,Male,107.243.88.172
337,Jessica,Hunt,jhunt9c@usda.gov,Female,33.30.131.240
338,Howard,Hart,hhart9d@utexas.edu,Male,38.96.224.136
339,Chris,Larson,clarson9e@blog.com,Male,41.247.154.12
340,Christine,Mccoy,cmccoy9f@1und1.de,Female,240.34.104.2
341,Helen,Hernandez,hhernandez9g@eventbrite.com,Female,41.253.162.200
342,Dennis,Miller,dmiller9h@domainmarket.com,Male,147.186.163.79
343,Diane,Henderson,dhenderson9i@netlog.com,Female,17.43.162.232
344,Julie,Ferguson,jferguson9j@yandex.ru,Female,17.48.73.82
345,Clarence,Webb,cwebb9k@loc.gov,Male,52.21.109.255
346,Deborah,Wallace,dwallace9l@time.com,Female,192.144.192.66
347,Gloria,Parker,gparker9m@csmonitor.com,Female,35.180.180.212
348,Ruby,Harris,rharris9n@spiegel.de,Female,42.96.218.243
349,Juan,Vasquez,jvasquez9o@1688.com,Male,236.57.37.23
350,William,Kim,wkim9p@e-recht24.de,Male,221.199.154.199
351,Beverly,George,bgeorge9q@state.tx.us,Female,36.86.71.9
352,Jonathan,Moreno,jmoreno9r@bbc.co.uk,Male,114.240.140.82
353,Christine,Arnold,carnold9s@cornell.edu,Female,90.94.35.77
354,Bruce,Diaz,bdiaz9t@home.pl,Male,175.10.2.250
355,Ann,Bryant,abryant9u@vinaora.com,Female,183.92.19.241
356,John,Mason,jmason9v@etsy.com,Male,55.89.127.170
357,Kathy,Montgomery,kmontgomery9w@unesco.org,Female,152.139.94.242
358,Karen,Mitchell,kmitchell9x@gmpg.org,Female,254.117.182.25
359,Kelly,Gray,kgray9y@4shared.com,Female,88.132.43.152
360,Bobby,Romero,bromero9z@slideshare.net,Male,112.184.244.146
361,Norma,Kelley,nkelleya0@freewebs.com,Female,153.108.105.174
362,Amy,Morrison,amorrisona1@umn.edu,Female,233.34.162.42
363,Donna,Fernandez,dfernandeza2@intel.com,Female,117.118.6.51
364,Chris,Wagner,cwagnera3@nps.gov,Male,127.149.54.99
365,Ruth,Woods,rwoodsa4@wufoo.com,Female,231.15.201.248
366,Jesse,Greene,jgreenea5@webnode.com,Male,205.222.126.171
367,Lawrence,Elliott,lelliotta6@networkadvertising.org,Male,25.167.162.207
368,Willie,Fuller,wfullera7@diigo.com,Male,214.7.85.159
369,Gloria,Harris,gharrisa8@samsung.com,Female,63.60.69.152
370,Stephen,Adams,sadamsa9@cmu.edu,Male,110.225.121.0
371,Anna,Thomas,athomasaa@comcast.net,Female,116.34.237.167
372,Nancy,Wagner,nwagnerab@bloglines.com,Female,57.64.125.236
373,Jose,Carr,jcarrac@omniture.com,Male,212.252.27.138
374,Albert,Stewart,astewartad@umich.edu,Male,233.112.178.211
375,Benjamin,Banks,bbanksae@columbia.edu,Male,129.207.26.229
376,Susan,Carpenter,scarpenteraf@issuu.com,Female,181.190.155.131
377,Steven,Perez,sperezag@plala.or.jp,Male,164.132.47.21
378,Wanda,Watson,wwatsonah@pinterest.com,Female,66.46.57.181
379,Emily,Harris,eharrisai@wikimedia.org,Female,73.87.246.158
380,Julia,Olson,jolsonaj@unc.edu,Female,30.144.198.149
381,Scott,Matthews,smatthewsak@quantcast.com,Male,173.14.34.253
382,Nancy,Johnston,njohnstonal@com.com,Female,1.43.186.201
383,Judith,Johnson,jjohnsonam@istockphoto.com,Female,1.232.197.245
384,Annie,Howell,ahowellan@aol.com,Female,148.49.29.102
385,Mildred,Rose,mroseao@gmpg.org,Female,218.126.245.146
386,Timothy,Payne,tpayneap@ovh.net,Male,65.210.212.32
387,Lois,Henry,lhenryaq@skyrock.com,Female,172.93.26.114
388,Wayne,Morgan,wmorganar@usgs.gov,Male,28.136.221.136
389,Frances,Fowler,ffowleras@theatlantic.com,Female,40.96.119.129
390,Arthur,Day,adayat@buzzfeed.com,Male,174.36.167.197
391,Barbara,Sims,bsimsau@illinois.edu,Female,3.92.155.244
392,Mark,Stevens,mstevensav@alibaba.com,Male,47.168.80.122
393,Jeremy,Lane,jlaneaw@github.io,Male,50.202.254.209
394,Laura,Moreno,lmorenoax@webmd.com,Female,33.51.62.202
395,Cheryl,Russell,crussellay@tripadvisor.com,Female,89.210.224.71
396,Jason,Wood,jwoodaz@vinaora.com,Male,208.154.194.209
397,Timothy,Collins,tcollinsb0@nsw.gov.au,Male,247.98.139.41
398,Pamela,Adams,padamsb1@google.it,Female,142.1.6.220
399,Kenneth,Chavez,kchavezb2@smugmug.com,Male,106.147.240.91
400,Louise,Bishop,lbishopb3@hatena.ne.jp,Female,239.229.177.21
401,Heather,Franklin,hfranklinb4@mayoclinic.com,Female,34.108.104.106
402,Steven,Alvarez,salvarezb5@tripadvisor.com,Male,91.99.22.109
403,Rachel,Warren,rwarrenb6@narod.ru,Female,175.129.175.116
404,Ernest,Olson,eolsonb7@ameblo.jp,Male,52.224.71.112
405,Jessica,Ward,jwardb8@youtu.be,Female,105.71.121.46
406,Teresa,Perry,tperryb9@pcworld.com,Female,196.95.217.46
407,Ernest,Hansen,ehansenba@google.com,Male,200.73.215.54
408,Janet,Johnston,jjohnstonbb@shop-pro.jp,Female,57.202.210.86
409,Rebecca,Myers,rmyersbc@bigcartel.com,Female,165.2.62.180
410,Terry,Hawkins,thawkinsbd@sitemeter.com,Male,117.37.183.18
411,Ruby,Stone,rstonebe@indiegogo.com,Female,104.197.246.161
412,Norma,Frazier,nfrazierbf@soundcloud.com,Female,43.142.237.211
413,Virginia,Sullivan,vsullivanbg@bloomberg.com,Female,76.51.237.130
414,Alan,Mason,amasonbh@nytimes.com,Male,163.149.72.194
415,Julie,Mccoy,jmccoybi@freewebs.com,Female,46.7.111.18
416,Martha,Gutierrez,mgutierrezbj@baidu.com,Female,217.84.212.144
417,Peter,Collins,pcollinsbk@google.com.hk,Male,106.131.113.17
418,Amanda,Weaver,aweaverbl@hud.gov,Female,118.177.131.104
419,Deborah,Wood,dwoodbm@simplemachines.org,Female,103.37.219.212
420,Bobby,Miller,bmillerbn@pen.io,Male,34.142.54.60
421,Adam,Gardner,agardnerbo@toplist.cz,Male,100.181.249.79
422,Donna,Jones,djonesbp@ucsd.edu,Female,29.103.40.244
423,Beverly,Webb,bwebbbq@walmart.com,Female,139.77.106.203
424,Antonio,Owens,aowensbr@rambler.ru,Male,121.237.90.140
425,Janet,Perez,jperezbs@linkedin.com,Female,235.240.143.38
426,Daniel,Lopez,dlopezbt@creativecommons.org,Male,85.29.161.167
427,Lori,Thompson,lthompsonbu@ed.gov,Female,79.164.134.142
428,Virginia,Mitchell,vmitchellbv@squarespace.com,Female,153.134.177.162
429,Joseph,Carpenter,jcarpenterbw@utexas.edu,Male,115.134.76.93
430,Peter,Price,ppricebx@aboutads.info,Male,123.119.221.168
431,John,Hart,jhartby@sphinn.com,Male,52.138.216.184
432,Brenda,Garrett,bgarrettbz@jalbum.net,Female,52.247.209.66
433,Michelle,Nichols,mnicholsc0@bluehost.com,Female,0.64.79.106
434,Carl,Torres,ctorresc1@whitehouse.gov,Male,236.19.161.221
435,Mark,Morales,mmoralesc2@sourceforge.net,Male,154.21.74.108
436,Elizabeth,Gray,egrayc3@ca.gov,Female,96.232.94.233
437,Wayne,Reyes,wreyesc4@blogtalkradio.com,Male,83.152.213.215
438,Amy,Carroll,acarrollc5@sohu.com,Female,220.204.182.180
439,Cheryl,Williams,cwilliamsc6@hc360.com,Female,218.167.17.104
440,Nancy,Roberts,nrobertsc7@ted.com,Female,221.236.248.111
441,Nancy,Patterson,npattersonc8@soundcloud.com,Female,240.70.51.245
442,Jesse,Montgomery,jmontgomeryc9@about.com,Male,207.44.208.190
443,Billy,Ramirez,bramirezca@wordpress.org,Male,136.77.54.95
444,Deborah,Stewart,dstewartcb@pcworld.com,Female,121.211.139.253
445,Gregory,Chavez,gchavezcc@mysql.com,Male,183.99.125.172
446,Henry,Harris,hharriscd@elegantthemes.com,Male,4.91.209.139
447,Richard,Gibson,rgibsonce@europa.eu,Male,159.60.90.51
448,Daniel,Stephens,dstephenscf@clickbank.net,Male,89.30.74.127
449,Fred,Hernandez,fhernandezcg@howstuffworks.com,Male,243.199.116.172
450,Diana,Gonzalez,dgonzalezch@hhs.gov,Female,209.196.43.253
451,Gary,Murphy,gmurphyci@archive.org,Male,132.97.63.20
452,Lawrence,Armstrong,larmstrongcj@goo.gl,Male,89.98.215.211
453,Tammy,Day,tdayck@spotify.com,Female,233.63.182.190
454,Mark,Brooks,mbrookscl@paginegialle.it,Male,243.81.6.182
455,Catherine,Alvarez,calvarezcm@naver.com,Female,244.61.243.9
456,Beverly,Warren,bwarrencn@163.com,Female,230.98.84.181
457,Laura,Coleman,lcolemanco@liveinternet.ru,Female,102.7.193.162
458,Marilyn,Parker,mparkercp@ow.ly,Female,37.179.215.26
459,Jeffrey,Owens,jowenscq@edublogs.org,Male,4.97.230.65
460,Russell,Fisher,rfishercr@salon.com,Male,220.107.135.70
461,Aaron,Cook,acookcs@craigslist.org,Male,0.62.12.156
462,Gerald,Kelley,gkelleyct@bluehost.com,Male,238.33.161.14
463,Bonnie,Murray,bmurraycu@bloglovin.com,Female,198.195.156.171
464,Melissa,Richardson,mrichardsoncv@fastcompany.com,Female,192.26.222.160
465,Douglas,Dunn,ddunncw@wikispaces.com,Male,59.200.211.157
466,Amanda,Hill,ahillcx@seattletimes.com,Female,234.138.93.49
467,Benjamin,James,bjamescy@umn.edu,Male,117.165.197.61
468,Justin,Clark,jclarkcz@privacy.gov.au,Male,82.218.178.120
469,Beverly,Sims,bsimsd0@photobucket.com,Female,186.144.190.114
470,William,Williamson,wwilliamsond1@dion.ne.jp,Male,231.142.124.254
471,Louise,Brown,lbrownd2@spiegel.de,Female,191.140.169.148
472,Roy,Allen,rallend3@live.com,Male,228.122.49.233
473,Helen,Bryant,hbryantd4@stumbleupon.com,Female,18.16.79.105
474,Emily,Duncan,eduncand5@yale.edu,Female,204.220.154.205
475,Donna,Mason,dmasond6@miitbeian.gov.cn,Female,221.255.246.240
476,David,Evans,devansd7@ezinearticles.com,Male,44.3.155.225
477,Gregory,Powell,gpowelld8@ycombinator.com,Male,77.167.44.243
478,Nicholas,Alexander,nalexanderd9@naver.com,Male,162.211.55.215
479,Scott,Fisher,sfisherda@nature.com,Male,68.61.241.116
480,Eric,Nichols,enicholsdb@51.la,Male,21.215.198.70
481,Howard,Austin,haustindc@shinystat.com,Male,25.54.225.17
482,Douglas,Reyes,dreyesdd@hao123.com,Male,46.197.18.95
483,Laura,Morales,lmoralesde@csmonitor.com,Female,77.152.239.160
484,Maria,Grant,mgrantdf@github.com,Female,252.177.120.215
485,William,Harper,wharperdg@bloomberg.com,Male,200.238.230.180
486,Jessica,Garrett,jgarrettdh@newyorker.com,Female,171.35.8.88
487,Sean,Morgan,smorgandi@sphinn.com,Male,186.251.6.130
488,Brandon,Robertson,brobertsondj@salon.com,Male,113.14.241.27
489,Amanda,Robertson,arobertsondk@microsoft.com,Female,60.186.222.10
490,Elizabeth,Simpson,esimpsondl@china.com.cn,Female,116.46.82.217
491,Samuel,King,skingdm@yolasite.com,Male,148.141.106.132
492,Adam,Weaver,aweaverdn@alibaba.com,Male,172.128.50.214
493,Carl,Wagner,cwagnerdo@stumbleupon.com,Male,25.232.154.173
494,Albert,Cox,acoxdp@woothemes.com,Male,194.132.112.85
495,Harry,Hawkins,hhawkinsdq@gov.uk,Male,140.174.81.80
496,Barbara,Ross,brossdr@taobao.com,Female,242.26.163.165
497,Amanda,Anderson,aandersonds@weebly.com,Female,23.168.118.33
498,Phyllis,Kennedy,pkennedydt@arizona.edu,Female,46.223.170.154
499,Henry,Ruiz,hruizdu@symantec.com,Male,237.95.65.86
500,Virginia,Green,vgreendv@e-recht24.de,Female,208.216.71.234
501,Maria,Lawson,mlawsondw@youtube.com,Female,46.254.133.167
502,Annie,Ramirez,aramirezdx@google.com.au,Female,187.245.88.165
503,Kimberly,Porter,kporterdy@businessinsider.com,Female,48.83.247.223
504,Stephen,Lewis,slewisdz@simplemachines.org,Male,32.48.10.87
505,Sharon,Long,slonge0@ftc.gov,Female,55.7.8.149
506,Christopher,Morgan,cmorgane1@china.com.cn,Male,205.41.162.134
507,Jack,Roberts,jrobertse2@youtu.be,Male,56.103.57.245
508,Helen,Cox,hcoxe3@imdb.com,Female,8.63.221.90
509,Harry,Freeman,hfreemane4@archive.org,Male,150.19.45.80
510,Sara,Watkins,swatkinse5@harvard.edu,Female,78.33.48.245
511,Adam,Nguyen,anguyene6@edublogs.org,Male,85.217.245.69
512,David,Collins,dcollinse7@elpais.com,Male,139.194.95.99
513,Christopher,Griffin,cgriffine8@constantcontact.com,Male,245.250.198.21
514,Peter,Austin,paustine9@pinterest.com,Male,220.203.31.211
515,Catherine,Reid,creidea@bloglines.com,Female,115.103.187.223
516,Anne,Alexander,aalexandereb@webs.com,Female,181.206.150.51
517,Brandon,Ferguson,bfergusonec@stumbleupon.com,Male,75.72.225.174
518,Joshua,Green,jgreened@smugmug.com,Male,53.61.59.156
519,Jimmy,Graham,jgrahamee@example.com,Male,167.161.155.25
520,Jane,Murphy,jmurphyef@google.nl,Female,217.31.248.84
521,Jose,Cook,jcookeg@cdc.gov,Male,118.165.165.13
522,Nancy,Fowler,nfowlereh@tumblr.com,Female,231.162.216.38
523,Tammy,Harrison,tharrisonei@godaddy.com,Female,243.198.124.192
524,Cheryl,Williamson,cwilliamsonej@weibo.com,Female,71.77.199.95
525,Irene,Young,iyoungek@bloglines.com,Female,139.145.85.148
526,Angela,Williamson,awilliamsonel@unc.edu,Female,24.166.207.93
527,George,Owens,gowensem@comcast.net,Male,16.183.111.197
528,Joshua,Kennedy,jkennedyen@intel.com,Male,224.26.38.158
529,Melissa,Richards,mrichardseo@prweb.com,Female,5.80.28.92
530,Edward,Torres,etorresep@histats.com,Male,86.41.227.113
531,Julie,Ruiz,jruizeq@cbsnews.com,Female,169.167.126.219
532,Gary,Cruz,gcruzer@omniture.com,Male,39.148.136.18
533,Janice,Little,jlittlees@java.com,Female,193.140.114.155
534,Beverly,Brown,bbrownet@whitehouse.gov,Female,132.85.115.204
535,Irene,Bishop,ibishopeu@purevolume.com,Female,78.147.64.122
536,Edward,Nelson,enelsonev@imgur.com,Male,117.164.223.72
537,Annie,Diaz,adiazew@icq.com,Female,67.207.209.44
538,Jimmy,Kennedy,jkennedyex@aboutads.info,Male,174.118.101.68
539,Jeffrey,James,jjamesey@bloomberg.com,Male,89.92.154.185
540,Timothy,Jones,tjonesez@hubpages.com,Male,133.159.214.253
541,Arthur,Kelley,akelleyf0@plala.or.jp,Male,192.8.183.159
542,Joan,Barnes,jbarnesf1@goodreads.com,Female,56.183.77.138
543,Kathryn,Ramirez,kramirezf2@netvibes.com,Female,253.209.52.5
544,Andrea,Morgan,amorganf3@columbia.edu,Female,167.157.249.36
545,David,Franklin,dfranklinf4@booking.com,Male,219.67.92.151
546,Gregory,Boyd,gboydf5@reddit.com,Male,242.80.139.46
547,Diane,Henderson,dhendersonf6@deliciousdays.com,Female,183.87.230.77
548,Gary,Howell,ghowellf7@canalblog.com,Male,220.224.17.1
549,Rachel,Ferguson,rfergusonf8@last.fm,Female,1.55.252.118
550,Lisa,Stephens,lstephensf9@umn.edu,Female,218.60.20.193
551,Philip,Jones,pjonesfa@diigo.com,Male,70.90.185.219
552,Christina,Parker,cparkerfb@gnu.org,Female,38.63.104.87
553,Marilyn,Lynch,mlynchfc@issuu.com,Female,79.16.129.237
554,Sarah,Dixon,sdixonfd@angelfire.com,Female,103.91.6.91
555,Lori,Mcdonald,lmcdonaldfe@sun.com,Female,50.208.66.97
556,Steve,Burke,sburkeff@google.com.hk,Male,192.240.133.69
557,Teresa,Watson,twatsonfg@so-net.ne.jp,Female,56.187.215.220
558,Brenda,Gordon,bgordonfh@themeforest.net,Female,236.136.210.208
559,Amanda,Taylor,ataylorfi@tuttocitta.it,Female,167.112.57.20
560,Sarah,Jordan,sjordanfj@loc.gov,Female,211.0.150.119
561,Diane,Marshall,dmarshallfk@pen.io,Female,172.186.131.226
562,Philip,Garrett,pgarrettfl@apple.com,Male,16.228.40.31
563,Joshua,Barnes,jbarnesfm@ebay.com,Male,154.168.194.121
564,Roy,Montgomery,rmontgomeryfn@shinystat.com,Male,31.94.224.165
565,Sharon,Richardson,srichardsonfo@reuters.com,Female,43.125.255.242
566,Antonio,Griffin,agriffinfp@illinois.edu,Male,165.95.100.207
567,Kathy,Scott,kscottfq@linkedin.com,Female,235.14.194.152
568,Judy,Frazier,jfrazierfr@cloudflare.com,Female,100.183.113.49
569,Tammy,Adams,tadamsfs@surveymonkey.com,Female,223.90.142.1
570,Patrick,Hanson,phansonft@toplist.cz,Male,116.148.12.204
571,Jane,Allen,jallenfu@freewebs.com,Female,5.55.145.20
572,Louise,Wilson,lwilsonfv@friendfeed.com,Female,182.100.140.88
573,Lillian,Burns,lburnsfw@pcworld.com,Female,14.190.72.121
574,Mildred,Mccoy,mmccoyfx@columbia.edu,Female,46.42.73.252
575,Lawrence,Palmer,lpalmerfy@mapy.cz,Male,166.220.147.57
576,Peter,Butler,pbutlerfz@geocities.com,Male,240.94.216.219
577,Bruce,Kim,bkimg0@google.de,Male,91.158.25.45
578,Wayne,Chapman,wchapmang1@oaic.gov.au,Male,224.62.166.59
579,Susan,Hansen,shanseng2@vinaora.com,Female,74.236.109.80
580,Gregory,Bell,gbellg3@answers.com,Male,230.96.37.110
581,Steve,Perry,sperryg4@mapquest.com,Male,1.89.47.71
582,Helen,Davis,hdavisg5@themeforest.net,Female,118.77.239.116
583,Clarence,Ryan,cryang6@who.int,Male,202.106.199.218
584,Diane,Ramos,dramosg7@diigo.com,Female,251.30.91.33
585,Mark,Armstrong,marmstrongg8@weebly.com,Male,95.23.115.90
586,Donna,Myers,dmyersg9@ask.com,Female,229.127.70.129
587,Sharon,Chavez,schavezga@ihg.com,Female,240.53.128.196
588,Daniel,West,dwestgb@free.fr,Male,6.148.174.176
589,Kelly,Ryan,kryangc@chronoengine.com,Female,254.237.15.36
590,Alice,Cruz,acruzgd@meetup.com,Female,145.78.235.202
591,Carol,Simmons,csimmonsge@cam.ac.uk,Female,226.48.42.52
592,Lori,Campbell,lcampbellgf@oakley.com,Female,31.202.59.81
593,Samuel,Dixon,sdixongg@sun.com,Male,82.196.87.151
594,Amy,Webb,awebbgh@wsj.com,Female,153.112.208.167
595,Kenneth,Burns,kburnsgi@businessinsider.com,Male,186.194.159.186
596,Irene,Mcdonald,imcdonaldgj@dagondesign.com,Female,163.181.93.231
597,John,Gutierrez,jgutierrezgk@photobucket.com,Male,217.64.164.236
598,Ann,Kelley,akelleygl@scientificamerican.com,Female,234.154.155.227
599,Robert,Freeman,rfreemangm@opera.com,Male,30.18.222.55
600,Joe,Burton,jburtongn@dailymotion.com,Male,188.91.145.198
601,Sara,Elliott,selliottgo@i2i.jp,Female,212.212.131.140
602,Anne,Young,ayounggp@over-blog.com,Female,229.29.120.220
603,Paul,Lynch,plynchgq@reddit.com,Male,210.145.161.190
604,Mildred,Arnold,marnoldgr@eventbrite.com,Female,56.41.249.218
605,Harry,Butler,hbutlergs@oracle.com,Male,65.33.123.4
606,Melissa,Webb,mwebbgt@cloudflare.com,Female,87.120.64.87
607,Ashley,Bradley,abradleygu@princeton.edu,Female,215.9.26.133
608,Lillian,Fowler,lfowlergv@istockphoto.com,Female,26.168.27.85
609,Sharon,Harper,sharpergw@prlog.org,Female,164.86.210.232
610,Lisa,Gonzales,lgonzalesgx@spotify.com,Female,144.169.36.134
611,Kevin,Marshall,kmarshallgy@nps.gov,Male,214.226.93.173
612,Mary,Howell,mhowellgz@noaa.gov,Female,60.211.80.230
613,Linda,Jones,ljonesh0@over-blog.com,Female,233.98.32.92
614,Brandon,Murray,bmurrayh1@comcast.net,Male,57.162.49.234
615,Jimmy,Harvey,jharveyh2@hc360.com,Male,211.203.8.102
616,Amy,Martinez,amartinezh3@google.it,Female,182.248.198.238
617,David,Sims,dsimsh4@is.gd,Male,35.195.159.246
618,Carolyn,Peterson,cpetersonh5@springer.com,Female,24.233.137.27
619,Paula,Williams,pwilliamsh6@hao123.com,Female,187.58.125.64
620,Albert,Wallace,awallaceh7@cpanel.net,Male,28.149.191.57
621,Ann,Spencer,aspencerh8@instagram.com,Female,255.210.166.253
622,Carlos,Gibson,cgibsonh9@intel.com,Male,25.242.163.202
623,Edward,Reynolds,ereynoldsha@alibaba.com,Male,185.39.220.247
624,Antonio,Dixon,adixonhb@stanford.edu,Male,48.90.225.36
625,Tammy,Butler,tbutlerhc@slate.com,Female,226.43.84.196
626,Brian,James,bjameshd@indiatimes.com,Male,13.138.168.165
627,Evelyn,Matthews,ematthewshe@t-online.de,Female,164.60.70.163
628,Jeffrey,Roberts,jrobertshf@omniture.com,Male,29.216.165.217
629,Julie,Ford,jfordhg@bloomberg.com,Female,109.16.180.106
630,Sarah,Johnston,sjohnstonhh@un.org,Female,220.43.87.141
631,Nancy,Oliver,noliverhi@aol.com,Female,119.62.80.72
632,Nicole,Cox,ncoxhj@parallels.com,Female,7.11.217.59
633,Anna,Daniels,adanielshk@seattletimes.com,Female,245.188.210.103
634,Benjamin,Wells,bwellshl@google.com.br,Male,2.79.20.254
635,Alice,Carroll,acarrollhm@aboutads.info,Female,150.144.184.26
636,Wanda,Tucker,wtuckerhn@cafepress.com,Female,118.254.100.246
637,Christina,Fernandez,cfernandezho@deviantart.com,Female,225.62.195.76
638,Walter,Reyes,wreyeshp@zdnet.com,Male,84.85.72.146
639,John,Reynolds,jreynoldshq@google.pl,Male,65.15.5.205
640,Amy,Simmons,asimmonshr@jalbum.net,Female,137.95.83.60
641,Gerald,Torres,gtorreshs@amazon.com,Male,195.76.182.126
642,Nicholas,Payne,npayneht@tiny.cc,Male,216.127.111.165
643,Gerald,Washington,gwashingtonhu@google.com.au,Male,148.105.16.90
644,Joyce,Brooks,jbrookshv@alexa.com,Female,57.189.21.64
645,Russell,Alexander,ralexanderhw@devhub.com,Male,211.224.244.96
646,Lori,Ross,lrosshx@answers.com,Female,92.100.204.24
647,Karen,Burton,kburtonhy@hhs.gov,Female,16.1.144.51
648,Tina,Perry,tperryhz@reuters.com,Female,152.182.11.142
649,Stephen,Elliott,selliotti0@dedecms.com,Male,230.199.4.219
650,Shawn,Rogers,srogersi1@ameblo.jp,Male,221.126.41.125
651,Joyce,Adams,jadamsi2@va.gov,Female,210.132.158.136
652,Willie,Meyer,wmeyeri3@lycos.com,Male,124.220.51.213
653,Joseph,Black,jblacki4@biblegateway.com,Male,84.249.231.179
654,Raymond,Lynch,rlynchi5@blogtalkradio.com,Male,67.225.133.51
655,Martin,Meyer,mmeyeri6@facebook.com,Male,103.95.66.245
656,Katherine,Ford,kfordi7@whitehouse.gov,Female,246.10.145.249
657,Sandra,Howell,showelli8@sitemeter.com,Female,121.49.131.102
658,Jessica,Perez,jperezi9@prlog.org,Female,108.99.162.178
659,Ruth,Tucker,rtuckeria@e-recht24.de,Female,120.84.241.111
660,Diane,Griffin,dgriffinib@engadget.com,Female,68.66.252.252
661,Nicholas,Griffin,ngriffinic@dmoz.org,Male,8.169.181.15
662,Jacqueline,Murphy,jmurphyid@free.fr,Female,157.209.151.4
663,Harold,Gilbert,hgilbertie@goodreads.com,Male,132.69.188.88
664,Nancy,Cox,ncoxif@chron.com,Female,92.188.136.83
665,Joe,Burke,jburkeig@fc2.com,Male,186.211.239.84
666,Joyce,Harrison,jharrisonih@webmd.com,Female,93.153.172.123
667,Ann,Scott,ascottii@wisc.edu,Female,20.105.52.169
668,Phyllis,Perry,pperryij@yandex.ru,Female,147.93.6.96
669,Bonnie,Gray,bgrayik@jiathis.com,Female,131.182.81.90
670,Larry,Perry,lperryil@geocities.jp,Male,41.110.74.209
671,Brian,Armstrong,barmstrongim@vistaprint.com,Male,68.153.136.138
672,Theresa,King,tkingin@ucoz.ru,Female,141.83.85.142
673,Gregory,Hunt,ghuntio@squarespace.com,Male,254.253.7.150
674,Jeffrey,Evans,jevansip@baidu.com,Male,20.148.195.92
675,Gregory,Olson,golsoniq@wordpress.org,Male,10.248.199.25
676,Timothy,Wilson,twilsonir@aol.com,Male,208.42.158.151
677,Frances,Bishop,fbishopis@nps.gov,Female,181.212.148.38
678,Keith,Gordon,kgordonit@utexas.edu,Male,73.184.78.50
679,Maria,Williams,mwilliamsiu@51.la,Female,141.70.57.199
680,Doris,Stewart,dstewartiv@desdev.cn,Female,140.18.172.124
681,Henry,Olson,holsoniw@alibaba.com,Male,7.167.170.142
682,Frances,Wells,fwellsix@gov.uk,Female,69.236.181.139
683,Johnny,Perkins,jperkinsiy@vinaora.com,Male,135.99.111.165
684,Frank,Perez,fpereziz@nationalgeographic.com,Male,0.123.73.70
685,Beverly,Hayes,bhayesj0@va.gov,Female,237.151.16.140
686,Michelle,Anderson,mandersonj1@yahoo.co.jp,Female,84.121.196.131
687,Irene,Richardson,irichardsonj2@sitemeter.com,Female,40.220.248.19
688,Patrick,Fields,pfieldsj3@paginegialle.it,Male,145.5.118.191
689,Judy,Boyd,jboydj4@zimbio.com,Female,51.6.113.9
690,Victor,Carroll,vcarrollj5@nih.gov,Male,195.242.207.151
691,Mary,James,mjamesj6@squidoo.com,Female,20.214.127.86
692,Margaret,Garcia,mgarciaj7@foxnews.com,Female,243.160.111.46
693,Chris,Murphy,cmurphyj8@thetimes.co.uk,Male,235.102.226.229
694,Norma,Peters,npetersj9@google.de,Female,225.17.199.244
695,Cheryl,Mccoy,cmccoyja@booking.com,Female,195.103.96.124
696,Lois,Sanders,lsandersjb@booking.com,Female,223.203.158.36
697,Sarah,Gonzalez,sgonzalezjc@gizmodo.com,Female,69.76.246.254
698,Theresa,Cunningham,tcunninghamjd@github.com,Female,221.116.111.68
699,Ernest,Baker,ebakerje@earthlink.net,Male,95.128.176.168
700,Daniel,Stone,dstonejf@statcounter.com,Male,96.16.183.120
701,Laura,Cox,lcoxjg@reverbnation.com,Female,222.23.185.116
702,Annie,Carter,acarterjh@addthis.com,Female,19.30.158.23
703,Jesse,Rose,jroseji@dropbox.com,Male,32.0.222.220
704,Jonathan,Diaz,jdiazjj@nytimes.com,Male,120.76.187.228
705,Susan,Fowler,sfowlerjk@webnode.com,Female,105.254.198.192
706,Edward,Willis,ewillisjl@scribd.com,Male,227.141.109.6
707,Arthur,Rivera,ariverajm@xrea.com,Male,163.102.16.190
708,Adam,Carpenter,acarpenterjn@wsj.com,Male,172.80.81.89
709,Sandra,Olson,solsonjo@webs.com,Female,9.50.73.178
710,Lois,Kennedy,lkennedyjp@rediff.com,Female,76.185.35.247
711,Jimmy,Bell,jbelljq@latimes.com,Male,28.7.135.197
712,Martin,Williams,mwilliamsjr@artisteer.com,Male,189.33.244.59
713,Julie,Russell,jrusselljs@plala.or.jp,Female,78.66.36.99
714,Susan,Kim,skimjt@sina.com.cn,Female,172.75.17.167
715,Larry,Mitchell,lmitchellju@google.co.uk,Male,251.1.64.42
716,Cynthia,Ruiz,cruizjv@google.nl,Female,38.77.193.100
717,Carolyn,Ortiz,cortizjw@rambler.ru,Female,206.211.27.124
718,Jimmy,Crawford,jcrawfordjx@nih.gov,Male,167.46.116.149
719,Wanda,Fisher,wfisherjy@globo.com,Female,1.148.210.52
720,Bonnie,Hunter,bhunterjz@techcrunch.com,Female,106.245.17.126
721,Keith,Fowler,kfowlerk0@live.com,Male,155.88.83.128
722,Roger,Burton,rburtonk1@psu.edu,Male,155.57.249.252
723,Steve,Weaver,sweaverk2@springer.com,Male,205.51.113.223
724,Adam,Ramos,aramosk3@utexas.edu,Male,42.174.161.176
725,Anna,Daniels,adanielsk4@bloglines.com,Female,125.163.143.182
726,Gerald,Mitchell,gmitchellk5@reference.com,Male,82.58.237.32
727,Maria,Myers,mmyersk6@fc2.com,Female,143.132.142.186
728,Aaron,Baker,abakerk7@slashdot.org,Male,14.13.227.28
729,Lisa,Alvarez,lalvarezk8@symantec.com,Female,39.220.209.33
730,Frank,Burke,fburkek9@fda.gov,Male,237.101.52.227
731,Donna,Vasquez,dvasquezka@yelp.com,Female,191.153.73.76
732,Chris,Gonzales,cgonzaleskb@addtoany.com,Male,25.73.124.97
733,Lois,Gutierrez,lgutierrezkc@zimbio.com,Female,125.165.2.39
734,Joyce,Woods,jwoodskd@reverbnation.com,Female,101.14.161.236
735,Ryan,Watkins,rwatkinske@prnewswire.com,Male,9.206.238.89
736,Kelly,Hudson,khudsonkf@fotki.com,Female,164.83.82.70
737,Justin,Griffin,jgriffinkg@g.co,Male,183.244.80.136
738,Jacqueline,Collins,jcollinskh@foxnews.com,Female,162.25.227.225
739,Kathryn,Wagner,kwagnerki@bbc.co.uk,Female,26.51.247.92
740,Walter,Gordon,wgordonkj@google.es,Male,131.95.5.158
741,Jessica,Alvarez,jalvarezkk@slideshare.net,Female,24.73.203.99
742,Lori,Day,ldaykl@arizona.edu,Female,93.25.55.190
743,Wanda,Rivera,wriverakm@xinhuanet.com,Female,164.148.94.138
744,Craig,Murphy,cmurphykn@accuweather.com,Male,177.104.181.229
745,Paula,Boyd,pboydko@admin.ch,Female,165.236.142.236
746,Brian,Lawson,blawsonkp@netlog.com,Male,173.126.129.236
747,Judith,Graham,jgrahamkq@ameblo.jp,Female,186.251.243.45
748,Johnny,Payne,jpaynekr@sina.com.cn,Male,230.242.148.84
749,Benjamin,Carpenter,bcarpenterks@4shared.com,Male,155.176.254.169
750,Laura,Morris,lmorriskt@addthis.com,Female,15.31.6.149
751,Jose,Dean,jdeanku@china.com.cn,Male,204.208.54.158
752,Frank,Taylor,ftaylorkv@upenn.edu,Male,195.84.153.76
753,Ryan,Young,ryoungkw@weibo.com,Male,126.36.114.3
754,Denise,Vasquez,dvasquezkx@google.ru,Female,119.131.16.95
755,Alan,Marshall,amarshallky@cyberchimps.com,Male,50.255.58.107
756,Shawn,Freeman,sfreemankz@tiny.cc,Male,166.35.235.121
757,Dennis,Johnson,djohnsonl0@studiopress.com,Male,178.172.202.199
758,Tina,Austin,taustinl1@mapy.cz,Female,175.178.231.67
759,Patrick,Fowler,pfowlerl2@ow.ly,Male,65.79.39.125
760,Matthew,Cole,mcolel3@china.com.cn,Male,22.39.94.226
761,Aaron,Frazier,afrazierl4@marriott.com,Male,134.179.40.4
762,Chris,Scott,cscottl5@weebly.com,Male,52.163.222.102
763,Beverly,Coleman,bcolemanl6@si.edu,Female,129.216.102.250
764,Jeffrey,Tucker,jtuckerl7@cam.ac.uk,Male,239.199.35.28
765,Sandra,Wagner,swagnerl8@yelp.com,Female,117.175.151.157
766,Donald,Campbell,dcampbelll9@squidoo.com,Male,118.239.121.184
767,Melissa,Jackson,mjacksonla@t-online.de,Female,11.179.102.144
768,Margaret,Woods,mwoodslb@cafepress.com,Female,212.134.248.91
769,Antonio,Marshall,amarshalllc@yolasite.com,Male,181.4.84.3
770,Ernest,Wagner,ewagnerld@chicagotribune.com,Male,40.82.33.133
771,Benjamin,Lynch,blynchle@goodreads.com,Male,42.144.69.220
772,Kathy,Fields,kfieldslf@unblog.fr,Female,192.12.126.208
773,Thomas,Hawkins,thawkinslg@google.co.uk,Male,209.106.164.41
774,Albert,Berry,aberrylh@va.gov,Male,82.104.113.233
775,Julia,Matthews,jmatthewsli@zimbio.com,Female,233.148.225.95
776,Betty,Price,bpricelj@elpais.com,Female,75.133.77.148
777,Laura,Dean,ldeanlk@360.cn,Female,20.152.66.32
778,Walter,Little,wlittlell@uol.com.br,Male,232.181.187.180
779,Frances,Mills,fmillslm@psu.edu,Female,116.182.9.81
780,Elizabeth,Peters,epetersln@geocities.jp,Female,162.180.156.62
781,Mildred,Hunter,mhunterlo@php.net,Female,158.255.129.43
782,Roger,Oliver,roliverlp@illinois.edu,Male,7.29.226.187
783,Jerry,Day,jdaylq@themeforest.net,Male,144.169.185.50
784,Ann,Frazier,afrazierlr@hugedomains.com,Female,25.66.78.108
785,Kathy,Myers,kmyersls@wikimedia.org,Female,48.121.174.237
786,Cynthia,Andrews,candrewslt@usa.gov,Female,110.4.233.202
787,Jane,James,jjameslu@nifty.com,Female,178.207.79.159
788,Kelly,Alvarez,kalvarezlv@amazon.co.jp,Female,179.211.53.118
789,Mark,Barnes,mbarneslw@earthlink.net,Male,80.129.128.134
790,Robert,Hansen,rhansenlx@skyrock.com,Male,119.203.97.211
791,Alan,Barnes,abarnesly@slideshare.net,Male,164.28.223.158
792,Sandra,Fowler,sfowlerlz@cbc.ca,Female,81.89.246.224
793,Beverly,Murphy,bmurphym0@nymag.com,Female,101.239.233.149
794,Ann,Collins,acollinsm1@hexun.com,Female,167.8.134.10
795,Bobby,Johnston,bjohnstonm2@usda.gov,Male,93.121.229.104
796,Pamela,Simmons,psimmonsm3@skyrock.com,Female,97.129.149.153
797,Chris,Crawford,ccrawfordm4@smugmug.com,Male,245.36.64.56
798,Steve,Rose,srosem5@flickr.com,Male,203.149.55.142
799,Diana,Cox,dcoxm6@ask.com,Female,205.159.227.219
800,Norma,Johnson,njohnsonm7@hud.gov,Female,51.37.59.0
801,Jose,Greene,jgreenem8@weibo.com,Male,169.113.217.153
802,Russell,Holmes,rholmesm9@ucoz.com,Male,129.163.146.241
803,Rose,Porter,rporterma@hud.gov,Female,191.24.205.148
804,Ruby,Larson,rlarsonmb@devhub.com,Female,49.59.120.227
805,Jane,Bennett,jbennettmc@house.gov,Female,234.245.238.206
806,Gerald,Wallace,gwallacemd@infoseek.co.jp,Male,123.82.210.179
807,Marie,Morris,mmorrisme@mlb.com,Female,95.37.59.192
808,Daniel,Holmes,dholmesmf@wiley.com,Male,88.137.218.231
809,William,Ruiz,wruizmg@tmall.com,Male,196.235.52.39
810,Chris,Garcia,cgarciamh@opera.com,Male,212.53.194.169
811,Douglas,Welch,dwelchmi@github.io,Male,165.65.242.139
812,Peter,Morris,pmorrismj@moonfruit.com,Male,122.203.29.122
813,Mary,Johnston,mjohnstonmk@mit.edu,Female,150.7.42.215
814,Johnny,Berry,jberryml@phoca.cz,Male,215.63.208.140
815,Wanda,Scott,wscottmm@sphinn.com,Female,95.70.14.80
816,Wayne,Alexander,walexandermn@opensource.org,Male,156.158.116.5
817,Mary,White,mwhitemo@irs.gov,Female,54.17.136.44
818,Paula,Willis,pwillismp@uol.com.br,Female,51.79.129.101
819,Chris,Mason,cmasonmq@plala.or.jp,Male,232.31.238.85
820,Diana,Hernandez,dhernandezmr@de.vu,Female,61.87.29.144
821,Roger,Sanders,rsandersms@mtv.com,Male,15.217.180.219
822,Randy,Rose,rrosemt@umn.edu,Male,246.251.177.154
823,Tammy,Hart,thartmu@dion.ne.jp,Female,231.71.156.6
824,Peter,Cook,pcookmv@over-blog.com,Male,73.201.224.180
825,Harold,Elliott,helliottmw@disqus.com,Male,152.173.98.46
826,Julie,Berry,jberrymx@boston.com,Female,249.180.158.180
827,Elizabeth,Taylor,etaylormy@netvibes.com,Female,245.238.234.25
828,Jose,Schmidt,jschmidtmz@google.co.jp,Male,33.10.79.194
829,Annie,Ford,afordn0@themeforest.net,Female,214.193.103.40
830,Peter,Harrison,pharrisonn1@amazonaws.com,Male,80.101.173.255
831,Marie,Griffin,mgriffinn2@utexas.edu,Female,57.84.36.136
832,Larry,Myers,lmyersn3@examiner.com,Male,101.173.50.18
833,Anna,Hayes,ahayesn4@ca.gov,Female,132.185.46.67
834,Christine,Flores,cfloresn5@vinaora.com,Female,184.72.105.220
835,Sean,Stewart,sstewartn6@yandex.ru,Male,202.216.244.116
836,Justin,Nichols,jnicholsn7@paginegialle.it,Male,50.9.6.214
837,Debra,Bennett,dbennettn8@time.com,Female,102.190.192.151
838,Patricia,Hunt,phuntn9@telegraph.co.uk,Female,22.92.7.66
839,Carol,West,cwestna@i2i.jp,Female,176.109.171.103
840,Kevin,Perry,kperrynb@ucsd.edu,Male,86.81.29.227
841,Laura,Cook,lcooknc@phoca.cz,Female,246.175.243.120
842,Lisa,Lewis,llewisnd@flickr.com,Female,128.248.208.195
843,Keith,Campbell,kcampbellne@aol.com,Male,40.23.220.202
844,Joe,Mcdonald,jmcdonaldnf@joomla.org,Male,115.110.68.79
845,Jose,Miller,jmillerng@nyu.edu,Male,228.203.5.233
846,Annie,Stevens,astevensnh@dagondesign.com,Female,106.250.39.93
847,Marie,Franklin,mfranklinni@dell.com,Female,243.247.196.192
848,Gregory,Morrison,gmorrisonnj@arizona.edu,Male,85.44.61.77
849,Thomas,Daniels,tdanielsnk@adobe.com,Male,164.93.129.27
850,Jeffrey,Gardner,jgardnernl@facebook.com,Male,73.148.167.165
851,Irene,Vasquez,ivasqueznm@icio.us,Female,167.92.245.245
852,Paul,Armstrong,parmstrongnn@archive.org,Male,137.254.89.247
853,Andrea,Flores,afloresno@wp.com,Female,172.186.116.249
854,Gerald,Hart,ghartnp@forbes.com,Male,115.207.214.196
855,Arthur,Hansen,ahansennq@geocities.jp,Male,219.127.236.57
856,Helen,Cox,hcoxnr@spotify.com,Female,8.109.108.14
857,Patricia,Cook,pcookns@acquirethisname.com,Female,215.89.250.89
858,Lawrence,Miller,lmillernt@exblog.jp,Male,30.184.249.72
859,Russell,Alexander,ralexandernu@wsj.com,Male,6.147.11.60
860,Anna,Nguyen,anguyennv@arizona.edu,Female,182.38.123.149
861,Sean,Greene,sgreenenw@etsy.com,Male,77.124.236.254
862,Sarah,Romero,sromeronx@scribd.com,Female,87.86.18.43
863,Kimberly,Edwards,kedwardsny@nifty.com,Female,215.38.50.6
864,Jonathan,Porter,jporternz@g.co,Male,249.18.85.78
865,Alan,Weaver,aweavero0@bloomberg.com,Male,51.114.1.60
866,Frances,Cunningham,fcunninghamo1@gov.uk,Female,232.216.149.146
867,Sarah,Roberts,srobertso2@craigslist.org,Female,148.199.185.10
868,Adam,Mendoza,amendozao3@oakley.com,Male,31.127.175.0
869,Christina,Gomez,cgomezo4@de.vu,Female,146.209.224.114
870,Walter,Moreno,wmorenoo5@shareasale.com,Male,239.68.225.15
871,Julie,Baker,jbakero6@hexun.com,Female,245.111.175.230
872,Alice,Morales,amoraleso7@cnbc.com,Female,35.43.6.194
873,Lillian,Dunn,ldunno8@nydailynews.com,Female,140.93.90.136
874,Henry,Young,hyoungo9@blinklist.com,Male,83.89.42.197
875,Steve,Vasquez,svasquezoa@xing.com,Male,198.211.180.185
876,Arthur,Montgomery,amontgomeryob@myspace.com,Male,211.193.149.242
877,Tammy,Williamson,twilliamsonoc@google.com.hk,Female,15.192.153.224
878,Kathryn,Morales,kmoralesod@seattletimes.com,Female,161.101.54.40
879,Joe,Wells,jwellsoe@hhs.gov,Male,13.245.75.34
880,Scott,Myers,smyersof@studiopress.com,Male,227.169.53.163
881,Ralph,Romero,rromeroog@deliciousdays.com,Male,212.8.140.71
882,Aaron,Hamilton,ahamiltonoh@google.es,Male,249.255.241.207
883,Doris,Wagner,dwagneroi@kickstarter.com,Female,1.15.22.152
884,Frances,Rodriguez,frodriguezoj@bandcamp.com,Female,3.82.148.99
885,Peter,Franklin,pfranklinok@google.com.hk,Male,119.236.146.152
886,Sharon,Jenkins,sjenkinsol@prnewswire.com,Female,106.226.169.236
887,Harry,Riley,hrileyom@paypal.com,Male,182.180.115.200
888,Marie,Duncan,mduncanon@gmpg.org,Female,145.116.36.21
889,Cheryl,Torres,ctorresoo@simplemachines.org,Female,111.200.67.125
890,Samuel,Baker,sbakerop@weibo.com,Male,251.102.153.113
891,Rose,Mitchell,rmitchelloq@pbs.org,Female,48.105.40.254
892,Anthony,Greene,agreeneor@economist.com,Male,27.116.239.187
893,Mildred,Hill,mhillos@apple.com,Female,86.253.81.223
894,Henry,Crawford,hcrawfordot@nasa.gov,Male,170.116.162.128
895,Sara,Williamson,swilliamsonou@1688.com,Female,143.170.15.119
896,Annie,Spencer,aspencerov@histats.com,Female,128.44.23.178
897,Stephanie,Cooper,scooperow@icq.com,Female,181.37.237.4
898,Catherine,Kelly,ckellyox@businessweek.com,Female,208.235.54.163
899,Douglas,Campbell,dcampbelloy@linkedin.com,Male,91.143.18.74
900,Raymond,Rogers,rrogersoz@earthlink.net,Male,43.236.106.152
901,Jesse,Sims,jsimsp0@mit.edu,Male,106.2.136.5
902,Anne,Ray,arayp1@goo.ne.jp,Female,236.139.44.107
903,Julia,Harris,jharrisp2@vinaora.com,Female,153.239.4.184
904,Raymond,Wood,rwoodp3@merriam-webster.com,Male,215.238.38.251
905,Terry,Hunter,thunterp4@illinois.edu,Male,40.231.11.165
906,Ronald,Griffin,rgriffinp5@bandcamp.com,Male,7.202.71.196
907,Patricia,Romero,promerop6@cnbc.com,Female,231.130.134.248
908,Patricia,Cole,pcolep7@webs.com,Female,187.142.219.55
909,Philip,Hill,phillp8@tamu.edu,Male,192.175.232.97
910,Teresa,Berry,tberryp9@yale.edu,Female,64.167.238.132
911,Marilyn,Harris,mharrispa@google.co.uk,Female,185.14.51.55
912,Emily,Thomas,ethomaspb@ucla.edu,Female,223.158.216.166
913,Irene,Mills,imillspc@blogs.com,Female,87.55.69.47
914,Gary,Lane,glanepd@purevolume.com,Male,37.70.150.182
915,Eugene,Howard,ehowardpe@home.pl,Male,191.62.64.175
916,Amy,Dunn,adunnpf@army.mil,Female,158.89.149.100
917,Billy,Mcdonald,bmcdonaldpg@google.pl,Male,17.92.192.250
918,Diana,Porter,dporterph@bigcartel.com,Female,20.243.179.14
919,Elizabeth,Webb,ewebbpi@yale.edu,Female,65.126.185.16
920,Ronald,Brown,rbrownpj@shareasale.com,Male,235.5.61.4
921,Mildred,Carr,mcarrpk@meetup.com,Female,212.132.79.165
922,Doris,Gardner,dgardnerpl@bizjournals.com,Female,158.217.220.255
923,Ann,Fuller,afullerpm@tripod.com,Female,113.206.207.215
924,Anne,Alexander,aalexanderpn@bloglovin.com,Female,23.189.167.27
925,Albert,Hicks,ahickspo@nps.gov,Male,222.73.147.195
926,Christina,Snyder,csnyderpp@qq.com,Female,253.255.41.76
927,Randy,Scott,rscottpq@yolasite.com,Male,44.29.87.124
928,Frank,Boyd,fboydpr@artisteer.com,Male,11.135.75.181
929,Albert,Gibson,agibsonps@de.vu,Male,217.89.188.227
930,Marie,Watkins,mwatkinspt@chronoengine.com,Female,89.48.214.159
931,Stephanie,Walker,swalkerpu@umn.edu,Female,205.0.18.190
932,Carl,Griffin,cgriffinpv@gravatar.com,Male,114.18.80.105
933,Steve,Snyder,ssnyderpw@deliciousdays.com,Male,190.212.80.107
934,Virginia,Warren,vwarrenpx@mayoclinic.com,Female,228.253.250.93
935,Adam,Ramos,aramospy@blogger.com,Male,237.70.168.37
936,Roy,Weaver,rweaverpz@apache.org,Male,57.54.90.114
937,Irene,Gonzalez,igonzalezq0@abc.net.au,Female,123.199.160.45
938,Harold,Wood,hwoodq1@issuu.com,Male,189.153.88.180
939,Evelyn,Roberts,erobertsq2@hhs.gov,Female,48.11.12.10
940,Julie,Hicks,jhicksq3@github.com,Female,75.194.129.69
941,Angela,Nguyen,anguyenq4@stanford.edu,Female,225.135.72.60
942,Amy,Pierce,apierceq5@cbslocal.com,Female,5.79.50.150
943,Earl,Perkins,eperkinsq6@jigsy.com,Male,241.219.218.97
944,Albert,Simmons,asimmonsq7@walmart.com,Male,128.140.77.195
945,Bobby,Payne,bpayneq8@howstuffworks.com,Male,173.233.120.100
946,Paula,Reid,preidq9@nydailynews.com,Female,1.146.136.20
947,Raymond,Simmons,rsimmonsqa@sogou.com,Male,55.117.77.104
948,William,Weaver,wweaverqb@google.fr,Male,121.115.85.47
949,Evelyn,Graham,egrahamqc@mysql.com,Female,173.114.104.86
950,Ronald,Harrison,rharrisonqd@whitehouse.gov,Male,225.40.192.159
951,Aaron,Watkins,awatkinsqe@weebly.com,Male,220.86.88.240
952,Robert,Taylor,rtaylorqf@shop-pro.jp,Male,128.56.227.197
953,Sharon,Myers,smyersqg@about.com,Female,102.62.2.219
954,Barbara,Chapman,bchapmanqh@adobe.com,Female,123.41.47.211
955,Margaret,Coleman,mcolemanqi@github.io,Female,196.207.190.83
956,Anne,Meyer,ameyerqj@ed.gov,Female,64.182.123.37
957,Peter,Allen,pallenqk@epa.gov,Male,90.202.28.245
958,Ernest,Thompson,ethompsonql@shop-pro.jp,Male,163.200.165.56
959,Harry,Pierce,hpierceqm@usatoday.com,Male,205.18.168.172
960,Albert,Ramos,aramosqn@google.ru,Male,29.187.72.65
961,Christine,Perez,cperezqo@feedburner.com,Female,74.246.91.227
962,Stephen,Howell,showellqp@netscape.com,Male,139.65.208.39
963,Jacqueline,Spencer,jspencerqq@washington.edu,Female,159.72.184.46
964,Teresa,Mason,tmasonqr@unicef.org,Female,229.237.165.30
965,Steven,Riley,srileyqs@seesaa.net,Male,177.9.39.175
966,Jesse,Stevens,jstevensqt@ebay.co.uk,Male,47.132.24.143
967,John,Gonzalez,jgonzalezqu@wiley.com,Male,56.81.210.183
968,Bruce,Arnold,barnoldqv@live.com,Male,125.252.145.120
969,Paula,Romero,promeroqw@ezinearticles.com,Female,130.4.122.85
970,Jessica,Wells,jwellsqx@accuweather.com,Female,171.29.72.94
971,Jessica,Jenkins,jjenkinsqy@furl.net,Female,122.35.155.40
972,Todd,Marshall,tmarshallqz@ca.gov,Male,96.33.56.194
973,Melissa,Perez,mperezr0@yahoo.com,Female,214.246.104.235
974,Jacqueline,Burke,jburker1@aol.com,Female,182.39.116.0
975,Angela,Henry,ahenryr2@shinystat.com,Female,120.177.54.200
976,Katherine,Robinson,krobinsonr3@nytimes.com,Female,135.61.145.23
977,Jeffrey,Owens,jowensr4@uiuc.edu,Male,90.53.42.160
978,Kathleen,Adams,kadamsr5@wikimedia.org,Female,253.176.202.177
979,James,Meyer,jmeyerr6@cmu.edu,Male,129.158.237.58
980,Michelle,Rose,mroser7@ftc.gov,Female,56.164.23.6
981,Patricia,Tucker,ptuckerr8@blog.com,Female,9.145.54.255
982,Benjamin,Spencer,bspencerr9@friendfeed.com,Male,8.82.112.105
983,Rachel,Nichols,rnicholsra@1688.com,Female,120.29.74.255
984,Linda,Rivera,lriverarb@studiopress.com,Female,193.216.57.44
985,Laura,Reyes,lreyesrc@jimdo.com,Female,0.122.227.164
986,Anne,Patterson,apattersonrd@berkeley.edu,Female,190.64.171.194
987,Jennifer,Cook,jcookre@chronoengine.com,Female,3.35.153.152
988,Debra,Arnold,darnoldrf@ucoz.ru,Female,76.138.52.23
989,Adam,Lawson,alawsonrg@nba.com,Male,159.76.44.160
990,Clarence,Morris,cmorrisrh@google.nl,Male,194.191.102.110
991,Teresa,Ramirez,tramirezri@merriam-webster.com,Female,78.27.161.194
992,Sara,Gray,sgrayrj@bbc.co.uk,Female,252.60.221.243
993,Todd,Hart,thartrk@homestead.com,Male,170.117.38.208
994,Carol,Stevens,cstevensrl@zdnet.com,Female,185.216.108.16
995,Kimberly,Allen,kallenrm@sfgate.com,Female,207.57.193.3
996,Peter,Franklin,pfranklinrn@t.co,Male,199.172.3.127
997,Juan,Rogers,jrogersro@devhub.com,Male,17.223.9.107
998,David,Hernandez,dhernandezrp@google.com,Male,190.100.156.176
999,Denise,Ferguson,dfergusonrq@joomla.org,Female,152.67.221.196
1000,Steven,Lee,sleerr@ihg.com,Male,234.44.110.93
